<?xml version="1.0" encoding="UTF-8"?>
<project-private xmlns="http://www.netbeans.org/ns/project-private/1">
    <editor-bookmarks xmlns="http://www.netbeans.org/ns/editor-bookmarks/2" lastBookmarkId="0"/>
    <open-files xmlns="http://www.netbeans.org/ns/projectui-open-files/2">
        <group>
            <file>file:/U:/COM405/COM405/Week7/src/week7/Employees.java</file>
            <file>file:/U:/COM405/COM405/Week7/src/week7/Managers.java</file>
            <file>file:/U:/COM405/COM405/Week7/src/week7/FrontLine.java</file>
            <file>file:/U:/COM405/COM405/Week7/src/week7/Week7.java</file>
            <file>file:/U:/COM405/COM405/Week7/src/week7/Admin.java</file>
        </group>
    </open-files>
</project-private>
